{
  "properties": {
    "connectionReferences": {
      "shared_approvals_1": {
        "runtimeSource": "embedded",
        "connection": {
          "connectionReferenceLogicalName": "ya_sharedapprovals_f9209"
        },
        "api": {
          "name": "shared_approvals"
        }
      },
      "shared_commondataserviceforapps": {
        "runtimeSource": "embedded",
        "connection": {
          "connectionReferenceLogicalName": "ya_sharedcommondataserviceforapps_3f397"
        },
        "api": {
          "name": "shared_commondataserviceforapps"
        }
      }
    },
    "definition": {
      "$schema": "https://schema.management.azure.com/providers/Microsoft.Logic/schemas/2016-06-01/workflowdefinition.json#",
      "contentVersion": "1.0.0.0",
      "parameters": {
        "$connections": {
          "defaultValue": {},
          "type": "Object"
        },
        "$authentication": {
          "defaultValue": {},
          "type": "SecureObject"
        }
      },
      "triggers": {
        "行が追加、変更、または削除された場合": {
          "metadata": {
            "operationMetadataId": "022c6e88-129e-4741-bb13-539c816e76d7"
          },
          "type": "OpenApiConnectionWebhook",
          "inputs": {
            "host": {
              "connectionName": "shared_commondataserviceforapps",
              "operationId": "SubscribeWebhookTrigger",
              "apiId": "/providers/Microsoft.PowerApps/apis/shared_commondataserviceforapps"
            },
            "parameters": {
              "subscriptionRequest/message": 4,
              "subscriptionRequest/entityname": "ya_exchange",
              "subscriptionRequest/scope": 4
            },
            "authentication": "@parameters('$authentication')"
          }
        }
      },
      "actions": {
        "開始して承認を待機": {
          "runAfter": {
            "変数Toを初期化する": [
              "Succeeded"
            ]
          },
          "metadata": {
            "operationMetadataId": "d156e34e-0cf1-4d0e-816b-3281f64562e7"
          },
          "type": "OpenApiConnectionWebhook",
          "inputs": {
            "host": {
              "connectionName": "shared_approvals_1",
              "operationId": "StartAndWaitForAnApproval",
              "apiId": "/providers/Microsoft.PowerApps/apis/shared_approvals"
            },
            "parameters": {
              "approvalType": "Basic",
              "WebhookApprovalCreationInput/title": "社内便",
              "WebhookApprovalCreationInput/assignedTo": "@{variables('To')};",
              "WebhookApprovalCreationInput/details": "社内便を受領したら承認ボタンを押してください。",
              "WebhookApprovalCreationInput/enableNotifications": true,
              "WebhookApprovalCreationInput/enableReassignment": true
            },
            "authentication": "@parameters('$authentication')"
          }
        },
        "Fromを取得する": {
          "runAfter": {
            "条件_2": [
              "Succeeded"
            ]
          },
          "metadata": {
            "operationMetadataId": "e6020f15-ed11-43ed-a40c-a43099c90ce0"
          },
          "type": "OpenApiConnection",
          "inputs": {
            "host": {
              "connectionName": "shared_commondataserviceforapps",
              "operationId": "GetItem",
              "apiId": "/providers/Microsoft.PowerApps/apis/shared_commondataserviceforapps"
            },
            "parameters": {
              "entityName": "@triggerOutputs()?['body/_ya_from_type']",
              "recordId": "@triggerOutputs()?['body/_ya_from_value']"
            },
            "authentication": "@parameters('$authentication')"
          }
        },
        "Toを取得する": {
          "runAfter": {
            "Fromを取得する": [
              "Succeeded"
            ]
          },
          "metadata": {
            "operationMetadataId": "73ab893b-01f0-4d96-9075-832bacfb3fc1"
          },
          "type": "OpenApiConnection",
          "inputs": {
            "host": {
              "connectionName": "shared_commondataserviceforapps",
              "operationId": "GetItem",
              "apiId": "/providers/Microsoft.PowerApps/apis/shared_commondataserviceforapps"
            },
            "parameters": {
              "entityName": "@triggerOutputs()?['body/_ya_to_type']",
              "recordId": "@triggerOutputs()?['body/_ya_to_value']"
            },
            "authentication": "@parameters('$authentication')"
          }
        },
        "変数Toを初期化する": {
          "runAfter": {
            "Toを取得する": [
              "Succeeded"
            ]
          },
          "metadata": {
            "operationMetadataId": "bec0e2b5-bb1d-4a02-8322-2872ce0a34bd"
          },
          "type": "InitializeVariable",
          "inputs": {
            "variables": [
              {
                "name": "To",
                "type": "string",
                "value": "@{outputs('Toを取得する')?['body/internalemailaddress']}"
              }
            ]
          },
          "description": "outputs('Toを取得する')?['body/internalemailaddress']"
        },
        "条件": {
          "actions": {
            "行を更新する": {
              "runAfter": {},
              "metadata": {
                "operationMetadataId": "fb6da57b-ef04-49ac-a137-e4e9f3759fae"
              },
              "type": "OpenApiConnection",
              "inputs": {
                "host": {
                  "connectionName": "shared_commondataserviceforapps",
                  "operationId": "UpdateRecord",
                  "apiId": "/providers/Microsoft.PowerApps/apis/shared_commondataserviceforapps"
                },
                "parameters": {
                  "entityName": "ya_exchanges",
                  "recordId": "@triggerOutputs()?['body/ya_exchangeid']",
                  "item/ya_received": true
                },
                "authentication": "@parameters('$authentication')"
              }
            }
          },
          "runAfter": {
            "開始して承認を待機": [
              "Succeeded"
            ]
          },
          "expression": {
            "equals": [
              "@outputs('開始して承認を待機')?['body/outcome']",
              "Approve"
            ]
          },
          "metadata": {
            "operationMetadataId": "87d25b76-fbdc-40f4-965a-fa744476b357"
          },
          "type": "If"
        },
        "条件_2": {
          "actions": {},
          "runAfter": {},
          "else": {
            "actions": {
              "終了": {
                "runAfter": {},
                "metadata": {
                  "operationMetadataId": "06453e4b-e71c-47f1-85ae-587e7de6cafa"
                },
                "type": "Terminate",
                "inputs": {
                  "runStatus": "Succeeded"
                }
              }
            }
          },
          "expression": {
            "equals": [
              "@triggerOutputs()?['body/ya_received']",
              false
            ]
          },
          "metadata": {
            "operationMetadataId": "f125ef36-a749-429a-8e47-98432dc5c38f"
          },
          "type": "If"
        }
      }
    }
  },
  "schemaVersion": "1.0.0.0"
}